<?xml version="1.0"?>
<doc>
    <assembly>
        <name>HtmlSanitizer</name>
    </assembly>
    <members>
        <member name="T:Ganss.Xss.PostProcessDomEventArgs">
            <summary>
            Provides data for the <see cref="E:Ganss.Xss.HtmlSanitizer.PostProcessDom"/> event.
            </summary>
        </member>
        <member name="P:Ganss.Xss.PostProcessDomEventArgs.Document">
            <summary>
            Gets the document.
            </summary>
            <value>
            The document.
            </value>
        </member>
        <member name="M:Ganss.Xss.PostProcessDomEventArgs.#ctor(AngleSharp.Html.Dom.IHtmlDocument)">
            <summary>
            Initializes a new instance of the <see cref="T:Ganss.Xss.PostProcessDomEventArgs"/> class.
            </summary>
        </member>
        <member name="T:Ganss.Xss.PostProcessNodeEventArgs">
            <summary>
            Provides data for the <see cref="E:Ganss.Xss.HtmlSanitizer.PostProcessNode"/> event.
            </summary>
        </member>
        <member name="P:Ganss.Xss.PostProcessNodeEventArgs.Document">
            <summary>
            Gets the document.
            </summary>
            <value>
            The document.
            </value>
        </member>
        <member name="P:Ganss.Xss.PostProcessNodeEventArgs.Node">
            <summary>
            Gets the DOM node to be processed.
            </summary>
            <value>
            The DOM node.
            </value>
        </member>
        <member name="P:Ganss.Xss.PostProcessNodeEventArgs.ReplacementNodes">
            <summary>
            Gets the replacement nodes. Leave empty if no replacement should occur.
            </summary>
            <value>
            The replacement nodes.
            </value>
        </member>
        <member name="M:Ganss.Xss.PostProcessNodeEventArgs.#ctor(AngleSharp.Html.Dom.IHtmlDocument,AngleSharp.Dom.INode)">
            <summary>
            Initializes a new instance of the <see cref="T:Ganss.Xss.PostProcessNodeEventArgs"/> class.
            </summary>
        </member>
        <member name="T:Ganss.Xss.RemovingTagEventArgs">
            <summary>
            Provides data for the <see cref="E:Ganss.Xss.HtmlSanitizer.RemovingTag"/> event.
            </summary>
        </member>
        <member name="P:Ganss.Xss.RemovingTagEventArgs.Tag">
            <summary>
            Gets the tag to be removed.
            </summary>
            <value>
            The tag.
            </value>
        </member>
        <member name="P:Ganss.Xss.RemovingTagEventArgs.Reason">
            <summary>
            Gets the reason why the tag will be removed.
            </summary>
            <value>
            The reason.
            </value>
        </member>
        <member name="M:Ganss.Xss.RemovingTagEventArgs.#ctor(AngleSharp.Dom.IElement,Ganss.Xss.RemoveReason)">
            <summary>
            Initializes a new instance of the <see cref="T:Ganss.Xss.RemovingTagEventArgs"/> class.
            </summary>
            <param name="tag">The element to be removed.</param>
            <param name="reason">The reason why the tag will be removed.</param>
        </member>
        <member name="T:Ganss.Xss.RemovingAttributeEventArgs">
            <summary>
            Provides data for the <see cref="E:Ganss.Xss.HtmlSanitizer.RemovingAttribute"/> event.
            </summary>
        </member>
        <member name="P:Ganss.Xss.RemovingAttributeEventArgs.Tag">
            <summary>
            Gets the tag containing the attribute to be removed.
            </summary>
            <value>
            The tag.
            </value>
        </member>
        <member name="P:Ganss.Xss.RemovingAttributeEventArgs.Attribute">
            <summary>
            Gets the attribute to be removed.
            </summary>
            <value>
            The attribute.
            </value>
        </member>
        <member name="P:Ganss.Xss.RemovingAttributeEventArgs.Reason">
            <summary>
            Gets the reason why the attribute will be removed.
            </summary>
            <value>
            The reason.
            </value>
        </member>
        <member name="M:Ganss.Xss.RemovingAttributeEventArgs.#ctor(AngleSharp.Dom.IElement,AngleSharp.Dom.IAttr,Ganss.Xss.RemoveReason)">
            <summary>
            Initializes a new instance of the <see cref="T:Ganss.Xss.RemovingAttributeEventArgs"/> class.
            </summary>
            <param name="tag">The element containing the attribute.</param>
            <param name="attribute">The attribute to be removed.</param>
            <param name="reason">The reason why the attribute will be removed.</param>
        </member>
        <member name="T:Ganss.Xss.RemovingStyleEventArgs">
            <summary>
            Provides data for the <see cref="E:Ganss.Xss.HtmlSanitizer.RemovingStyle"/> event.
            </summary>
        </member>
        <member name="P:Ganss.Xss.RemovingStyleEventArgs.Tag">
            <summary>
            Gets the tag containing the style to be removed.
            </summary>
            <value>
            The tag.
            </value>
        </member>
        <member name="P:Ganss.Xss.RemovingStyleEventArgs.Style">
            <summary>
            Gets the style to be removed.
            </summary>
            <value>
            The style.
            </value>
        </member>
        <member name="P:Ganss.Xss.RemovingStyleEventArgs.Reason">
            <summary>
            Gets the reason why the style will be removed.
            </summary>
            <value>
            The reason.
            </value>
        </member>
        <member name="M:Ganss.Xss.RemovingStyleEventArgs.#ctor(AngleSharp.Dom.IElement,AngleSharp.Css.Dom.ICssProperty,Ganss.Xss.RemoveReason)">
            <summary>
            Initializes a new instance of the <see cref="T:Ganss.Xss.RemovingStyleEventArgs"/> class.
            </summary>
            <param name="tag">The element containing the attribute.</param>
            <param name="style">The style to be removed.</param>
            <param name="reason">The reason why the attribute will be removed.</param>
        </member>
        <member name="T:Ganss.Xss.RemovingAtRuleEventArgs">
            <summary>
            Provides data for the <see cref="E:Ganss.Xss.HtmlSanitizer.RemovingAtRule"/> event.
            </summary>
        </member>
        <member name="P:Ganss.Xss.RemovingAtRuleEventArgs.Tag">
            <summary>
            Gets the tag containing the at-rule to be removed.
            </summary>
            <value>
            The tag.
            </value>
        </member>
        <member name="P:Ganss.Xss.RemovingAtRuleEventArgs.Rule">
            <summary>
            Gets the rule to be removed.
            </summary>
            <value>
            The rule.
            </value>
        </member>
        <member name="M:Ganss.Xss.RemovingAtRuleEventArgs.#ctor(AngleSharp.Dom.IElement,AngleSharp.Css.Dom.ICssRule)">
            <summary>
            Initializes a new instance of the <see cref="T:Ganss.Xss.RemovingAtRuleEventArgs"/> class.
            </summary>
            <param name="tag">The element containing the attribute.</param>
            <param name="rule">The rule to be removed.</param>
        </member>
        <member name="T:Ganss.Xss.RemovingCommentEventArgs">
            <summary>
            Provides data for the <see cref="E:Ganss.Xss.HtmlSanitizer.RemovingComment"/> event.
            </summary>
        </member>
        <member name="P:Ganss.Xss.RemovingCommentEventArgs.Comment">
            <summary>
            Gets the comment node to be removed.
            </summary>
            <value>
            The comment node.
            </value>
        </member>
        <member name="M:Ganss.Xss.RemovingCommentEventArgs.#ctor(AngleSharp.Dom.IComment)">
            <summary>
            Initializes a new instance of the <see cref="T:Ganss.Xss.RemovingCommentEventArgs"/> class.
            </summary>
            <param name="comment">The comment to be removed.</param>
        </member>
        <member name="T:Ganss.Xss.RemovingCssClassEventArgs">
            <summary>
            Provides data for the <see cref="E:Ganss.Xss.HtmlSanitizer.RemovingCssClass"/> event.
            </summary>
        </member>
        <member name="P:Ganss.Xss.RemovingCssClassEventArgs.Tag">
            <summary>
            Gets the tag containing the CSS class to be removed.
            </summary>
            <value>
            The tag.
            </value>
        </member>
        <member name="P:Ganss.Xss.RemovingCssClassEventArgs.CssClass">
            <summary>
            Gets the CSS class to be removed.
            </summary>
            <value>
            The CSS class.
            </value>
        </member>
        <member name="P:Ganss.Xss.RemovingCssClassEventArgs.Reason">
            <summary>
            Gets the reason why the CSS class will be removed.
            </summary>
            <value>
            The reason.
            </value>
        </member>
        <member name="M:Ganss.Xss.RemovingCssClassEventArgs.#ctor(AngleSharp.Dom.IElement,System.String,Ganss.Xss.RemoveReason)">
            <summary>
            Initializes a new instance of the <see cref="T:Ganss.Xss.RemovingCssClassEventArgs"/> class.
            </summary>
            <param name="tag">The element containing the attribute.</param>
            <param name="cssClass">The CSS class to be removed.</param>
            <param name="reason">The reason why the attribute will be removed.</param>
        </member>
        <member name="T:Ganss.Xss.FilterUrlEventArgs">
            <summary>
            Provides data for the <see cref="E:Ganss.Xss.HtmlSanitizer.FilterUrl"/> event.
            </summary>
        </member>
        <member name="P:Ganss.Xss.FilterUrlEventArgs.OriginalUrl">
            <summary>
            Gets the original URL.
            </summary>
            <value>
            The original URL.
            </value>
        </member>
        <member name="P:Ganss.Xss.FilterUrlEventArgs.SanitizedUrl">
            <summary>
            Gets or sets the sanitized URL.
            </summary>
            <value>
            The sanitized URL. If it is null, it will be removed.
            </value>
        </member>
        <member name="P:Ganss.Xss.FilterUrlEventArgs.Tag">
            <summary>
            Gets the tag containing the URI being sanitized.
            </summary>
            <value>
            The tag.
            </value>
        </member>
        <member name="M:Ganss.Xss.FilterUrlEventArgs.#ctor(AngleSharp.Dom.IElement,System.String,System.String)">
            <summary>
            Initializes a new instance of the <see cref="T:Ganss.Xss.FilterUrlEventArgs"/> class.
            </summary>
            <param name="tag">The tag containing the URI being sanitized.</param>
            <param name="originalUrl">The original URL.</param>
            <param name="sanitizedUrl">The sanitized URL.</param>
        </member>
        <member name="T:Ganss.Xss.HtmlFormatter">
            <summary>
            HTML5 markup formatter. Identical to <see cref="T:AngleSharp.Html.HtmlMarkupFormatter"/> except for &lt; and &gt; which are
            encoded in attribute values.
            </summary>
        </member>
        <member name="F:Ganss.Xss.HtmlFormatter.Instance">
            <summary>
            An instance of <see cref="T:Ganss.Xss.HtmlFormatter"/>.
            </summary>
        </member>
        <member name="T:Ganss.Xss.HtmlSanitizer">
            <summary>
            Cleans HTML documents and fragments from constructs that can lead to <a href="https://en.wikipedia.org/wiki/Cross-site_scripting">XSS attacks</a>.
            </summary>
            <remarks>
            XSS attacks can occur at several levels within an HTML document or fragment:
            <list type="bullet">
            <item>HTML tags (e.g. the &lt;script&gt; tag)</item>
            <item>HTML attributes (e.g. the "onload" attribute)</item>
            <item>CSS styles (url property values)</item>
            <item>malformed HTML or HTML that exploits parser bugs in specific browsers</item>
            </list>
            <para>
            The HtmlSanitizer class addresses all of these possible attack vectors by using a sophisticated HTML parser (<a href="https://github.com/AngleSharp/AngleSharp">AngleSharp</a>).
            </para>
            <para>
            In order to facilitate different use cases, HtmlSanitizer can be customized at the levels mentioned above:
            <list type="bullet">
            <item>You can specify the allowed HTML tags through the property <see cref="P:Ganss.Xss.HtmlSanitizer.AllowedTags"/>. All other tags will be stripped.</item>
            <item>You can specify the allowed HTML attributes through the property <see cref="P:Ganss.Xss.HtmlSanitizer.AllowedAttributes"/>. All other attributes will be stripped.</item>
            <item>You can specify the allowed CSS property names through the property <see cref="P:Ganss.Xss.HtmlSanitizer.AllowedCssProperties"/>. All other styles will be stripped.</item>
            <item>You can specify the allowed URI schemes through the property <see cref="P:Ganss.Xss.HtmlSanitizer.AllowedSchemes"/>. All other URIs will be stripped.</item>
            <item>You can specify the HTML attributes that contain URIs (such as "src", "href" etc.) through the property <see cref="P:Ganss.Xss.HtmlSanitizer.UriAttributes"/>.</item>
            </list>
            </para>
            </remarks>
            <example>
            <code>
            <![CDATA[
            var sanitizer = new HtmlSanitizer();
            var html = @"<script>alert('xss')</script><div onload=""alert('xss')"" style=""background-color: test"">Test<img src=""test.gif"" style=""background-image: url(javascript:alert('xss')); margin: 10px""></div>";
            var sanitized = sanitizer.Sanitize(html, "http://www.example.com");
            // -> "<div style="background-color: test">Test<img style="margin: 10px" src="http://www.example.com/test.gif"></div>"
            ]]>
            </code>
            </example>
        </member>
        <member name="M:Ganss.Xss.HtmlSanitizer.#ctor">
            <summary>
            Initializes a new instance of the <see cref="T:Ganss.Xss.HtmlSanitizer"/> class
            with the default options.
            </summary>
        </member>
        <member name="M:Ganss.Xss.HtmlSanitizer.#ctor(Ganss.Xss.HtmlSanitizerOptions)">
            <summary>
            Initializes a new instance of the <see cref="T:Ganss.Xss.HtmlSanitizer"/> class
            with the given options.
            </summary>
            <param name="options">Options to control the sanitizing.</param>
        </member>
        <member name="P:Ganss.Xss.HtmlSanitizer.DefaultKeepChildNodes">
            <summary>
            Gets or sets the default value indicating whether to keep child nodes of elements that are removed. Default is false.
            </summary>
        </member>
        <member name="P:Ganss.Xss.HtmlSanitizer.KeepChildNodes">
            <summary>
            Gets or sets a value indicating whether to keep child nodes of elements that are removed. Default is <see cref="P:Ganss.Xss.HtmlSanitizer.DefaultKeepChildNodes"/>.
            </summary>
        </member>
        <member name="P:Ganss.Xss.HtmlSanitizer.DefaultHtmlParserFactory">
            <summary>
            Gets or sets the default <see cref="T:System.Func`1"/> object that creates the parser used for parsing the input.
            </summary>
        </member>
        <member name="P:Ganss.Xss.HtmlSanitizer.HtmlParserFactory">
            <summary>
            Gets or sets the <see cref="T:System.Func`1"/> object the creates the parser used for parsing the input.
            </summary>
        </member>
        <member name="P:Ganss.Xss.HtmlSanitizer.DefaultOutputFormatter">
            <summary>
            Gets or sets the default <see cref="T:AngleSharp.IMarkupFormatter"/> object used for generating output. Default is <see cref="F:Ganss.Xss.HtmlFormatter.Instance"/>.
            </summary>
        </member>
        <member name="P:Ganss.Xss.HtmlSanitizer.OutputFormatter">
            <summary>
            Gets or sets the <see cref="T:AngleSharp.IMarkupFormatter"/> object used for generating output. Default is <see cref="P:Ganss.Xss.HtmlSanitizer.DefaultOutputFormatter"/>.
            </summary>
        </member>
        <member name="P:Ganss.Xss.HtmlSanitizer.DefaultStyleFormatter">
            <summary>
            Gets or sets the default <see cref="T:AngleSharp.IStyleFormatter"/> object used for generating CSS output. Default is <see cref="F:AngleSharp.Css.CssStyleFormatter.Instance"/>.
            </summary>
        </member>
        <member name="P:Ganss.Xss.HtmlSanitizer.StyleFormatter">
            <summary>
            Gets or sets the <see cref="T:AngleSharp.IStyleFormatter"/> object used for generating CSS output. Default is <see cref="P:Ganss.Xss.HtmlSanitizer.DefaultStyleFormatter"/>.
            </summary>
        </member>
        <member name="P:Ganss.Xss.HtmlSanitizer.AllowedAtRules">
            <summary>
            Gets or sets the allowed CSS at-rules such as "@media" and "@font-face".
            </summary>
            <value>
            The allowed CSS at-rules.
            </value>
        </member>
        <member name="P:Ganss.Xss.HtmlSanitizer.AllowedSchemes">
            <summary>
            Gets or sets the allowed URI schemes such as "http" and "https".
            </summary>
            <value>
            The allowed URI schemes.
            </value>
        </member>
        <member name="P:Ganss.Xss.HtmlSanitizer.AllowedTags">
            <summary>
            Gets or sets the allowed HTML tag names such as "a" and "div".
            </summary>
            <value>
            The allowed tag names.
            </value>
        </member>
        <member name="P:Ganss.Xss.HtmlSanitizer.AllowedAttributes">
            <summary>
            Gets or sets the allowed HTML attributes such as "href" and "alt".
            </summary>
            <value>
            The allowed HTML attributes.
            </value>
        </member>
        <member name="P:Ganss.Xss.HtmlSanitizer.AllowDataAttributes">
            <summary>
            Allow all HTML5 data attributes; the attributes prefixed with <c>data-</c>.
            </summary>
        </member>
        <member name="P:Ganss.Xss.HtmlSanitizer.UriAttributes">
            <summary>
            Gets or sets the HTML attributes that can contain a URI such as "href".
            </summary>
            <value>
            The URI attributes.
            </value>
        </member>
        <member name="P:Ganss.Xss.HtmlSanitizer.AllowedCssProperties">
            <summary>
            Gets or sets the allowed CSS properties such as "font" and "margin".
            </summary>
            <value>
            The allowed CSS properties.
            </value>
        </member>
        <member name="P:Ganss.Xss.HtmlSanitizer.DisallowCssPropertyValue">
            <summary>
            Gets or sets a regex that must not match for legal CSS property values.
            </summary>
            <value>
            The regex.
            </value>
        </member>
        <member name="P:Ganss.Xss.HtmlSanitizer.AllowedClasses">
            <summary>
            Gets or sets the allowed CSS classes. If the set is empty, all classes will be allowed.
            </summary>
            <value>
            The allowed CSS classes. An empty set means all classes are allowed.
            </value>
        </member>
        <member name="E:Ganss.Xss.HtmlSanitizer.PostProcessDom">
            <summary>
            Occurs after sanitizing the document and post processing nodes.
            </summary>
        </member>
        <member name="E:Ganss.Xss.HtmlSanitizer.PostProcessNode">
            <summary>
            Occurs for every node after sanitizing.
            </summary>
        </member>
        <member name="E:Ganss.Xss.HtmlSanitizer.RemovingTag">
            <summary>
            Occurs before a tag is removed.
            </summary>
        </member>
        <member name="E:Ganss.Xss.HtmlSanitizer.RemovingAttribute">
            <summary>
            Occurs before an attribute is removed.
            </summary>
        </member>
        <member name="E:Ganss.Xss.HtmlSanitizer.RemovingStyle">
            <summary>
            Occurs before a style is removed.
            </summary>
        </member>
        <member name="E:Ganss.Xss.HtmlSanitizer.RemovingAtRule">
            <summary>
            Occurs before an at-rule is removed.
            </summary>
        </member>
        <member name="E:Ganss.Xss.HtmlSanitizer.RemovingComment">
            <summary>
            Occurs before a comment is removed.
            </summary>
        </member>
        <member name="E:Ganss.Xss.HtmlSanitizer.RemovingCssClass">
            <summary>
            Occurs before a CSS class is removed.
            </summary>
        </member>
        <member name="E:Ganss.Xss.HtmlSanitizer.FilterUrl">
            <summary>
            Occurs when a URL is being sanitized.
            </summary>
        </member>
        <member name="M:Ganss.Xss.HtmlSanitizer.OnPostProcessDom(Ganss.Xss.PostProcessDomEventArgs)">
            <summary>
            Raises the <see cref="E:PostProcessDom" /> event.
            </summary>
            <param name="e">The <see cref="T:Ganss.Xss.PostProcessDomEventArgs"/> instance containing the event data.</param>
        </member>
        <member name="M:Ganss.Xss.HtmlSanitizer.OnPostProcessNode(Ganss.Xss.PostProcessNodeEventArgs)">
            <summary>
            Raises the <see cref="E:PostProcessNode" /> event.
            </summary>
            <param name="e">The <see cref="T:Ganss.Xss.PostProcessNodeEventArgs"/> instance containing the event data.</param>
        </member>
        <member name="M:Ganss.Xss.HtmlSanitizer.OnRemovingTag(Ganss.Xss.RemovingTagEventArgs)">
            <summary>
            Raises the <see cref="E:RemovingTag" /> event.
            </summary>
            <param name="e">The <see cref="T:Ganss.Xss.RemovingTagEventArgs"/> instance containing the event data.</param>
        </member>
        <member name="M:Ganss.Xss.HtmlSanitizer.OnRemovingAttribute(Ganss.Xss.RemovingAttributeEventArgs)">
            <summary>
            Raises the <see cref="E:RemovingAttribute" /> event.
            </summary>
            <param name="e">The <see cref="T:Ganss.Xss.RemovingAttributeEventArgs"/> instance containing the event data.</param>
        </member>
        <member name="M:Ganss.Xss.HtmlSanitizer.OnRemovingStyle(Ganss.Xss.RemovingStyleEventArgs)">
            <summary>
            Raises the <see cref="E:RemovingStyle" /> event.
            </summary>
            <param name="e">The <see cref="T:Ganss.Xss.RemovingStyleEventArgs"/> instance containing the event data.</param>
        </member>
        <member name="M:Ganss.Xss.HtmlSanitizer.OnRemovingAtRule(Ganss.Xss.RemovingAtRuleEventArgs)">
            <summary>
            Raises the <see cref="E:RemovingAtRule" /> event.
            </summary>
            <param name="e">The <see cref="T:Ganss.Xss.RemovingAtRuleEventArgs"/> instance containing the event data.</param>
        </member>
        <member name="M:Ganss.Xss.HtmlSanitizer.OnRemovingComment(Ganss.Xss.RemovingCommentEventArgs)">
            <summary>
            Raises the <see cref="E:RemovingComment" /> event.
            </summary>
            <param name="e">The <see cref="T:Ganss.Xss.RemovingCommentEventArgs"/> instance containing the event data.</param>
        </member>
        <member name="F:Ganss.Xss.HtmlSanitizer.DefaultDisallowedCssPropertyValue">
            <summary>
            The default regex for disallowed CSS property values.
            </summary>
        </member>
        <member name="M:Ganss.Xss.HtmlSanitizer.OnRemovingCssClass(Ganss.Xss.RemovingCssClassEventArgs)">
            <summary>
            Raises the <see cref="E:RemovingCSSClass" /> event.
            </summary>
            <param name="e">The <see cref="T:Ganss.Xss.RemovingCssClassEventArgs"/> instance containing the event data.</param>
        </member>
        <member name="M:Ganss.Xss.HtmlSanitizer.OnFilteringUrl(Ganss.Xss.FilterUrlEventArgs)">
            <summary>
            Raises the <see cref="E:FilterUrl" /> event.
            </summary>
            <param name="e">The <see cref="T:Ganss.Xss.FilterUrlEventArgs"/> instance containing the event data.</param>
        </member>
        <member name="M:Ganss.Xss.HtmlSanitizer.GetAllNodes(AngleSharp.Dom.INode)">
            <summary>
            Return all nested subnodes of a node. The nodes are returned in DOM order.
            </summary>
            <param name="dom">The root node.</param>
            <returns>All nested subnodes.</returns>
        </member>
        <member name="M:Ganss.Xss.HtmlSanitizer.Sanitize(System.String,System.String,AngleSharp.IMarkupFormatter)">
            <summary>
            Sanitizes the specified HTML body fragment. If a document is given, only the body part will be returned.
            </summary>
            <param name="html">The HTML body fragment to sanitize.</param>
            <param name="baseUrl">The base URL relative URLs are resolved against. No resolution if empty.</param>
            <param name="outputFormatter">The formatter used to render the DOM. Using the <see cref="P:Ganss.Xss.HtmlSanitizer.OutputFormatter"/> if null.</param>
            <returns>The sanitized HTML body fragment.</returns>
        </member>
        <member name="M:Ganss.Xss.HtmlSanitizer.SanitizeDom(System.String,System.String)">
            <summary>
            Sanitizes the specified HTML body fragment. If a document is given, only the body part will be returned.
            </summary>
            <param name="html">The HTML body fragment to sanitize.</param>
            <param name="baseUrl">The base URL relative URLs are resolved against. No resolution if empty.</param>
            <returns>The sanitized HTML document.</returns>
        </member>
        <member name="M:Ganss.Xss.HtmlSanitizer.SanitizeDom(AngleSharp.Html.Dom.IHtmlDocument,AngleSharp.Html.Dom.IHtmlElement,System.String)">
            <summary>
            Sanitizes the specified parsed HTML body fragment.
            If the document has not been parsed with CSS support then all styles will be removed.
            </summary>
            <param name="document">The parsed HTML document.</param>
            <param name="context">The node within which to sanitize.</param>
            <param name="baseUrl">The base URL relative URLs are resolved against. No resolution if empty.</param>
            <returns>The sanitized HTML document.</returns>
        </member>
        <member name="M:Ganss.Xss.HtmlSanitizer.SanitizeDocument(System.String,System.String,AngleSharp.IMarkupFormatter)">
            <summary>
            Sanitizes the specified HTML document. Even if only a fragment is given, a whole document will be returned.
            </summary>
            <param name="html">The HTML document to sanitize.</param>
            <param name="baseUrl">The base URL relative URLs are resolved against. No resolution if empty.</param>
            <param name="outputFormatter">The formatter used to render the DOM. Using the <see cref="P:Ganss.Xss.HtmlSanitizer.OutputFormatter"/> if null.</param>
            <returns>The sanitized HTML document.</returns>
        </member>
        <member name="M:Ganss.Xss.HtmlSanitizer.SanitizeDocument(System.IO.Stream,System.String,AngleSharp.IMarkupFormatter)">
            <summary>
            Sanitizes the specified HTML document. Even if only a fragment is given, a whole document will be returned.
            </summary>
            <param name="html">The HTML document to sanitize.</param>
            <param name="baseUrl">The base URL relative URLs are resolved against. No resolution if empty.</param>
            <param name="outputFormatter">The formatter used to render the DOM. Using the <see cref="P:Ganss.Xss.HtmlSanitizer.OutputFormatter"/> if null.</param>
            <returns>The sanitized HTML document.</returns>
        </member>
        <member name="M:Ganss.Xss.HtmlSanitizer.RemoveComments(AngleSharp.Dom.INode)">
            <summary>
            Removes all comment nodes from a list of nodes.
            </summary>
            <param name="context">The node within which to remove comments.</param>
            <returns><c>true</c> if any comments were removed; otherwise, <c>false</c>.</returns>
        </member>
        <member name="M:Ganss.Xss.HtmlSanitizer.DoPostProcess(AngleSharp.Html.Dom.IHtmlDocument,AngleSharp.Dom.INode)">
            <summary>
            Performs post processing on all nodes in the document.
            </summary>
            <param name="dom">The HTML document.</param>
            <param name="context">The node within which to post process all nodes.</param>
        </member>
        <member name="M:Ganss.Xss.HtmlSanitizer.IsUriAttribute(AngleSharp.Dom.IAttr)">
            <summary>
            Determines whether the specified attribute can contain a URI.
            </summary>
            <param name="attribute">The attribute.</param>
            <returns><c>true</c> if the attribute can contain a URI; otherwise, <c>false</c>.</returns>
        </member>
        <member name="M:Ganss.Xss.HtmlSanitizer.IsAllowedTag(AngleSharp.Dom.IElement)">
            <summary>
            Determines whether the specified tag is allowed.
            </summary>
            <param name="tag">The tag.</param>
            <returns><c>true</c> if the tag is allowed; otherwise, <c>false</c>.</returns>
        </member>
        <member name="M:Ganss.Xss.HtmlSanitizer.IsAllowedAttribute(AngleSharp.Dom.IAttr)">
            <summary>
            Determines whether the specified attribute is allowed.
            </summary>
            <param name="attribute">The attribute.</param>
            <returns><c>true</c> if the attribute is allowed; otherwise, <c>false</c>.</returns>
        </member>
        <member name="M:Ganss.Xss.HtmlSanitizer.SanitizeStyle(AngleSharp.Dom.IElement,System.String)">
            <summary>
            Sanitizes the style.
            </summary>
            <param name="element">The element.</param>
            <param name="baseUrl">The base URL.</param>
        </member>
        <member name="M:Ganss.Xss.HtmlSanitizer.DecodeCss(System.String)">
            <summary>
            Decodes CSS Unicode escapes and removes comments.
            </summary>
            <param name="css">The CSS string.</param>
            <returns>The decoded CSS string.</returns>
        </member>
        <member name="M:Ganss.Xss.HtmlSanitizer.GetSafeIri(System.String)">
            <summary>
            Tries to create a safe <see cref="T:Ganss.Xss.Iri"/> object from a string.
            </summary>
            <param name="url">The URL.</param>
            <returns>The <see cref="T:Ganss.Xss.Iri"/> object or null if no safe <see cref="T:Ganss.Xss.Iri"/> can be created.</returns>
        </member>
        <member name="M:Ganss.Xss.HtmlSanitizer.SanitizeUrl(AngleSharp.Dom.IElement,System.String,System.String)">
            <summary>
            Sanitizes a URL.
            </summary>
            <param name="element">The tag containing the URL being sanitized.</param>
            <param name="url">The URL.</param>
            <param name="baseUrl">The base URL relative URLs are resolved against (empty or null for no resolution).</param>
            <returns>The sanitized URL or <c>null</c> if no safe URL can be created.</returns>
        </member>
        <member name="M:Ganss.Xss.HtmlSanitizer.RemoveTag(AngleSharp.Dom.IElement,Ganss.Xss.RemoveReason)">
            <summary>
            Removes a tag from the document.
            </summary>
            <param name="tag">Tag to be removed.</param>
            <param name="reason">Reason for removal.</param>
        </member>
        <member name="M:Ganss.Xss.HtmlSanitizer.RemoveAttribute(AngleSharp.Dom.IElement,AngleSharp.Dom.IAttr,Ganss.Xss.RemoveReason)">
            <summary>
            Removes an attribute from the document.
            </summary>
            <param name="tag">Tag the attribute belongs to.</param>
            <param name="attribute">Attribute to be removed.</param>
            <param name="reason">Reason for removal.</param>
        </member>
        <member name="M:Ganss.Xss.HtmlSanitizer.RemoveStyle(AngleSharp.Dom.IElement,AngleSharp.Css.Dom.ICssStyleDeclaration,AngleSharp.Css.Dom.ICssProperty,Ganss.Xss.RemoveReason)">
            <summary>
            Removes a style from the document.
            </summary>
            <param name="tag">Tag the style belongs to.</param>
            <param name="styles">Style rule that contains the style to be removed.</param>
            <param name="style">Style to be removed.</param>
            <param name="reason">Reason for removal.</param>
        </member>
        <member name="M:Ganss.Xss.HtmlSanitizer.RemoveAtRule(AngleSharp.Dom.IElement,AngleSharp.Css.Dom.ICssRule)">
            <summary>
            Removes an at-rule from the document.
            </summary>
            <param name="tag">Tag the style belongs to.</param>
            <param name="rule">Rule to be removed.</param>
            <returns><c>true</c>, if the rule can be removed; <c>false</c>, otherwise.</returns>
        </member>
        <member name="M:Ganss.Xss.HtmlSanitizer.RemoveCssClass(AngleSharp.Dom.IElement,System.String,Ganss.Xss.RemoveReason)">
            <summary>
            Removes a CSS class from a class attribute.
            </summary>
            <param name="tag">Tag the style belongs to.</param>
            <param name="cssClass">Class to be removed.</param>
            <param name="reason">Reason for removal.</param>
        </member>
        <member name="T:Ganss.Xss.HtmlSanitizerDefaults">
            <summary>
            Default options.
            </summary>
        </member>
        <member name="P:Ganss.Xss.HtmlSanitizerDefaults.AllowedAtRules">
            <summary>
            The default allowed CSS at-rules.
            </summary>
        </member>
        <member name="P:Ganss.Xss.HtmlSanitizerDefaults.AllowedSchemes">
            <summary>
            The default allowed URI schemes.
            </summary>
        </member>
        <member name="P:Ganss.Xss.HtmlSanitizerDefaults.AllowedTags">
            <summary>
            The default allowed HTML tag names.
            </summary>
        </member>
        <member name="P:Ganss.Xss.HtmlSanitizerDefaults.AllowedAttributes">
            <summary>
            The default allowed HTML attributes.
            </summary>
        </member>
        <member name="P:Ganss.Xss.HtmlSanitizerDefaults.UriAttributes">
            <summary>
            The default URI attributes.
            </summary>
        </member>
        <member name="P:Ganss.Xss.HtmlSanitizerDefaults.AllowedCssProperties">
            <summary>
            The default allowed CSS properties.
            </summary>
        </member>
        <member name="P:Ganss.Xss.HtmlSanitizerDefaults.AllowedClasses">
            <summary>
            The default allowed CSS classes.
            </summary>
        </member>
        <member name="T:Ganss.Xss.HtmlSanitizerOptions">
            <summary>
            Provides options to be used with <see cref="T:Ganss.Xss.HtmlSanitizer"/>.
            </summary>
        </member>
        <member name="P:Ganss.Xss.HtmlSanitizerOptions.AllowedTags">
            <summary>
            Gets or sets the allowed tag names such as "a" and "div".
            </summary>
        </member>
        <member name="P:Ganss.Xss.HtmlSanitizerOptions.AllowedAttributes">
            <summary>
            Gets or sets the allowed HTML attributes such as "href" and "alt".
            </summary>
        </member>
        <member name="P:Ganss.Xss.HtmlSanitizerOptions.AllowedCssClasses">
            <summary>
            Gets or sets the allowed CSS classes.
            </summary>
        </member>
        <member name="P:Ganss.Xss.HtmlSanitizerOptions.AllowedCssProperties">
            <summary>
            Gets or sets the allowed CSS properties such as "font" and "margin".
            </summary>
        </member>
        <member name="P:Ganss.Xss.HtmlSanitizerOptions.AllowedAtRules">
            <summary>
            Gets or sets the allowed CSS at-rules such as "@media" and "@font-face".
            </summary>
        </member>
        <member name="P:Ganss.Xss.HtmlSanitizerOptions.AllowedSchemes">
            <summary>
            Gets or sets the allowed URI schemes such as "http" and "https".
            </summary>
        </member>
        <member name="P:Ganss.Xss.HtmlSanitizerOptions.UriAttributes">
            <summary>
            Gets or sets the HTML attributes that can contain a URI such as "href".
            </summary>
        </member>
        <member name="T:Ganss.Xss.IHtmlSanitizer">
            <summary>
            Enables an inheriting class to implement an HtmlSanitizer class, which cleans HTML documents and fragments
            from constructs that can lead to <a href="https://en.wikipedia.org/wiki/Cross-site_scripting">XSS attacks</a>.
            </summary>
        </member>
        <member name="P:Ganss.Xss.IHtmlSanitizer.KeepChildNodes">
            <summary>
            Gets or sets a value indicating whether to keep child nodes of elements that are removed.
            </summary>
        </member>
        <member name="P:Ganss.Xss.IHtmlSanitizer.HtmlParserFactory">
            <summary>
            Gets or sets the <see cref="T:System.Func`1"/> object the creates the parser used for parsing the input.
            </summary>
        </member>
        <member name="P:Ganss.Xss.IHtmlSanitizer.OutputFormatter">
            <summary>
            Gets or sets the <see cref="T:AngleSharp.IMarkupFormatter"/> object used for generating output.
            </summary>
        </member>
        <member name="P:Ganss.Xss.IHtmlSanitizer.AllowedAtRules">
            <summary>
            Gets the allowed CSS at-rules such as "@media" and "@font-face".
            </summary>
            <value>
            The allowed CSS at-rules.
            </value>
        </member>
        <member name="P:Ganss.Xss.IHtmlSanitizer.AllowedSchemes">
            <summary>
            Gets the allowed URI schemes such as "http" and "https".
            </summary>
            <value>
            The allowed URI schemes.
            </value>
        </member>
        <member name="P:Ganss.Xss.IHtmlSanitizer.AllowedTags">
            <summary>
            Gets the allowed HTML tag names such as "a" and "div".
            </summary>
            <value>
            The allowed tag names.
            </value>
        </member>
        <member name="P:Ganss.Xss.IHtmlSanitizer.AllowedAttributes">
            <summary>
            Gets the allowed HTML attributes such as "href" and "alt".
            </summary>
            <value>
            The allowed HTML attributes.
            </value>
        </member>
        <member name="P:Ganss.Xss.IHtmlSanitizer.AllowDataAttributes">
            <summary>
            Allow all HTML5 data attributes; the attributes prefixed with data-
            </summary>
        </member>
        <member name="P:Ganss.Xss.IHtmlSanitizer.UriAttributes">
            <summary>
            Gets or sets the HTML attributes that can contain a URI such as "href".
            </summary>
            <value>
            The URI attributes.
            </value>
        </member>
        <member name="P:Ganss.Xss.IHtmlSanitizer.AllowedCssProperties">
            <summary>
            Gets or sets the allowed CSS properties such as "font" and "margin".
            </summary>
            <value>
            The allowed CSS properties.
            </value>
        </member>
        <member name="P:Ganss.Xss.IHtmlSanitizer.DisallowCssPropertyValue">
            <summary>
            Gets or sets a regex that must not match for legal CSS property values.
            </summary>
            <value>
            The regex.
            </value>
        </member>
        <member name="P:Ganss.Xss.IHtmlSanitizer.AllowedClasses">
            <summary>
            Gets or sets the allowed CSS classes. If the set is empty, all classes will be allowed.
            </summary>
            <value>
            The allowed CSS classes. An empty set means all classes are allowed.
            </value>
        </member>
        <member name="E:Ganss.Xss.IHtmlSanitizer.PostProcessDom">
            <summary>
            Occurs after sanitizing the document and post processing nodes.
            </summary>
        </member>
        <member name="E:Ganss.Xss.IHtmlSanitizer.PostProcessNode">
            <summary>
            Occurs for every node after sanitizing.
            </summary>
        </member>
        <member name="E:Ganss.Xss.IHtmlSanitizer.RemovingTag">
            <summary>
            Occurs before a tag is removed.
            </summary>
        </member>
        <member name="E:Ganss.Xss.IHtmlSanitizer.RemovingAttribute">
            <summary>
            Occurs before an attribute is removed.
            </summary>
        </member>
        <member name="E:Ganss.Xss.IHtmlSanitizer.RemovingStyle">
            <summary>
            Occurs before a style is removed.
            </summary>
        </member>
        <member name="E:Ganss.Xss.IHtmlSanitizer.RemovingAtRule">
            <summary>
            Occurs before an at-rule is removed.
            </summary>
        </member>
        <member name="E:Ganss.Xss.IHtmlSanitizer.RemovingComment">
            <summary>
            Occurs before a comment is removed.
            </summary>
        </member>
        <member name="E:Ganss.Xss.IHtmlSanitizer.RemovingCssClass">
            <summary>
            Occurs before a CSS class is removed.
            </summary>
        </member>
        <member name="M:Ganss.Xss.IHtmlSanitizer.Sanitize(System.String,System.String,AngleSharp.IMarkupFormatter)">
            <summary>
            Sanitizes the specified HTML.
            </summary>
            <param name="html">The HTML to sanitize.</param>
            <param name="baseUrl">The base URL relative URLs are resolved against. No resolution if empty.</param>
            <param name="outputFormatter">The formatter used to render the DOM. Using the default formatter if null.</param>
            <returns>The sanitized HTML.</returns>
        </member>
        <member name="M:Ganss.Xss.IHtmlSanitizer.SanitizeDom(System.String,System.String)">
            <summary>
            Sanitizes the specified HTML body fragment. If a document is given, only the body part will be returned.
            </summary>
            <param name="html">The HTML body fragment to sanitize.</param>
            <param name="baseUrl">The base URL relative URLs are resolved against. No resolution if empty.</param>
            <returns>The sanitized HTML document.</returns>
        </member>
        <member name="M:Ganss.Xss.IHtmlSanitizer.SanitizeDom(AngleSharp.Html.Dom.IHtmlDocument,AngleSharp.Html.Dom.IHtmlElement,System.String)">
            <summary>
            Sanitizes the specified parsed HTML body fragment.
            If the document has not been parsed with CSS support then all styles will be removed.
            </summary>
            <param name="document">The parsed HTML document.</param>
            <param name="context">The node within which to sanitize.</param>
            <param name="baseUrl">The base URL relative URLs are resolved against. No resolution if empty.</param>
            <returns>The sanitized HTML document.</returns>
        </member>
        <member name="M:Ganss.Xss.IHtmlSanitizer.SanitizeDocument(System.String,System.String,AngleSharp.IMarkupFormatter)">
            <summary>
            Sanitizes the specified HTML document. Even if only a fragment is given, a whole document will be returned.
            </summary>
            <param name="html">The HTML document to sanitize.</param>
            <param name="baseUrl">The base URL relative URLs are resolved against. No resolution if empty.</param>
            <param name="outputFormatter">The formatter used to render the DOM. Using the <see cref="P:Ganss.Xss.IHtmlSanitizer.OutputFormatter"/> if null.</param>
            <returns>The sanitized HTML document.</returns>
        </member>
        <member name="T:Ganss.Xss.Iri">
            <summary>
            Represents an Internationalized Resource Identifier.
            </summary>
        </member>
        <member name="P:Ganss.Xss.Iri.Value">
            <summary>
            Gets or sets the value of the IRI.
            </summary>
            <value>
            The value of the IRI.
            </value>
        </member>
        <member name="P:Ganss.Xss.Iri.IsAbsolute">
            <summary>
            Gets a value indicating whether the IRI is absolute.
            </summary>
            <value>
              <c>true</c> if the IRI is absolute; otherwise, <c>false</c>.
            </value>
        </member>
        <member name="P:Ganss.Xss.Iri.Scheme">
            <summary>
            Gets or sets the scheme of the IRI, e.g. "https".
            </summary>
            <value>
            The scheme of the IRI.
            </value>
        </member>
        <member name="M:Ganss.Xss.Iri.#ctor(System.String,System.String)">
            <summary>
            Initializes a new instance of the <see cref="T:Ganss.Xss.Iri"/> class.
            </summary>
            <param name="value">The value.</param>
            <param name="scheme">The scheme.</param>
        </member>
        <member name="T:Ganss.Xss.RemoveReason">
            <summary>
            List of reasons why something was identified to get removed from the HTML.
            </summary>
        </member>
        <member name="F:Ganss.Xss.RemoveReason.NotAllowedTag">
            <summary>
            Tag is not allowed.
            </summary>
        </member>
        <member name="F:Ganss.Xss.RemoveReason.NotAllowedAttribute">
            <summary>
            Attribute is not allowed.
            </summary>
        </member>
        <member name="F:Ganss.Xss.RemoveReason.NotAllowedStyle">
            <summary>
            Style is not allowed.
            </summary>
        </member>
        <member name="F:Ganss.Xss.RemoveReason.NotAllowedUrlValue">
            <summary>
            Value is a non-allowed or harmful URL.
            </summary>
        </member>
        <member name="F:Ganss.Xss.RemoveReason.NotAllowedValue">
            <summary>
            Value is not allowed or harmful.
            </summary>
        </member>
        <member name="F:Ganss.Xss.RemoveReason.NotAllowedCssClass">
            <summary>
            CSS class is not allowed.
            </summary>
        </member>
        <member name="F:Ganss.Xss.RemoveReason.ClassAttributeEmpty">
            <summary>
            The class attribute is empty.
            </summary>
        </member>
        <member name="F:Ganss.Xss.RemoveReason.StyleAttributeEmpty">
            <summary>
            The style attribute is empty.
            </summary>
        </member>
    </members>
</doc>
